City_ID,City,Country,Date,Lat,Lng,Max Temp,Humidity,Cloudiness,Wind Speed
0,Ushuaia,AR,2022-01-28 02:51:13,-54.8,-68.3,49.66,81,75,4.61
1,Caravelas,BR,2022-01-28 02:51:13,-17.7125,-39.2481,75.29,91,3,5.26
2,Atar,MR,2022-01-28 02:51:13,20.5169,-13.0499,63.97,38,100,6.58
3,Bredasdorp,ZA,2022-01-28 02:51:13,-34.5322,20.0403,60.12,82,1,2.3
4,Luanda,AO,2022-01-28 02:51:14,-8.8368,13.2343,77.07,84,100,3.27
5,Quatre Cocos,MU,2022-01-28 02:51:14,-20.2078,57.7625,77.09,69,0,9.46
6,Albany,US,2022-01-28 02:47:33,42.6001,-73.9662,26.8,54,100,3.33
7,Sampit,ID,2022-01-28 02:51:14,-2.5333,112.95,84.88,67,100,3.15
8,Rikitea,PF,2022-01-28 02:47:55,-23.1203,-134.9692,78.62,76,83,16.98
9,Busselton,AU,2022-01-28 02:50:33,-33.65,115.3333,80.04,30,0,5.53
10,Great Bend,US,2022-01-28 02:47:59,38.3645,-98.7648,33.62,81,0,8.05
11,Chokurdakh,RU,2022-01-28 02:51:15,70.6333,147.9167,-26.09,90,46,8.79
12,Ancud,CL,2022-01-28 02:51:15,-41.8697,-73.8203,61.43,87,0,1.41
13,Grenada,ES,2022-01-28 02:50:41,37.1882,-3.6067,48.18,77,0,4.61
14,Port Alfred,ZA,2022-01-28 02:51:15,-33.5906,26.891,69.64,88,69,14.99
15,Punta Arenas,CL,2022-01-28 02:47:21,-53.15,-70.9167,50.11,87,0,6.91
16,Ekhabi,RU,2022-01-28 02:51:15,53.5102,142.9671,-5.28,89,24,14.88
17,Talnakh,RU,2022-01-28 02:51:16,69.4865,88.3972,6.21,92,100,16.96
18,High Rock,BS,2022-01-28 02:51:16,26.6208,-78.2833,69.82,79,4,9.44
19,Georgetown,MY,2022-01-28 02:51:16,5.4112,100.3354,87.73,78,20,5.99
20,Dauphin,CA,2022-01-28 02:51:17,51.1494,-100.0502,8.74,78,100,14.97
21,Kosh-Agach,RU,2022-01-28 02:51:17,50.0,88.6667,-20.22,99,100,2.44
22,Dikson,RU,2022-01-28 02:51:17,73.5069,80.5464,4.89,93,100,23.82
23,Tasiilaq,GL,2022-01-28 02:48:09,65.6145,-37.6368,21.36,97,93,1.61
24,Yellowknife,CA,2022-01-28 02:51:17,62.456,-114.3525,-3.48,84,100,4.61
25,Atuona,PF,2022-01-28 02:51:18,-9.8,-139.0333,78.21,75,5,16.87
26,Port Elizabeth,ZA,2022-01-28 02:48:31,-33.918,25.5701,67.1,88,0,11.5
27,Khatanga,RU,2022-01-28 02:50:40,71.9667,102.5,-5.15,87,78,9.91
28,Mataura,NZ,2022-01-28 02:51:18,-46.1927,168.8643,68.49,24,100,5.14
29,Namibe,AO,2022-01-28 02:51:18,-15.1961,12.1522,73.44,86,100,6.26
30,Bjaeverskov,DK,2022-01-28 02:51:19,55.4576,12.0365,41.68,75,11,17.27
31,Garachine,PA,2022-01-28 02:51:19,8.0647,-78.3628,76.44,86,22,9.24
32,Hermanus,ZA,2022-01-28 02:50:51,-34.4187,19.2345,63.9,82,10,3.51
33,Kruszwica,PL,2022-01-28 02:51:19,52.6756,18.3313,38.32,100,95,26.53
34,Dhidhdhoo,MV,2022-01-28 02:51:20,6.8833,73.1,79.25,70,57,11.92
35,Butaritari,KI,2022-01-28 02:51:20,3.0707,172.7902,82.36,78,1,15.52
36,Cidreira,BR,2022-01-28 02:51:20,-30.1811,-50.2056,71.69,66,95,11.86
37,Bilibino,RU,2022-01-28 02:51:20,68.0546,166.4372,-16.76,96,75,3.8
38,Mbandaka,CD,2022-01-28 02:51:21,0.0487,18.2603,74.05,53,99,2.44
39,Mehamn,NO,2022-01-28 02:51:21,71.0357,27.8492,29.23,72,100,13.49
40,New Norfolk,AU,2022-01-28 02:51:21,-42.7826,147.0587,88.66,39,32,1.99
41,Vilanova Del Cami,ES,2022-01-28 02:51:21,41.5717,1.6375,49.53,62,0,6.22
42,Tiksi,RU,2022-01-28 02:51:22,71.6872,128.8694,-13.13,96,53,10.0
43,Constitucion,CL,2022-01-28 02:51:22,-35.3333,-72.4167,59.32,91,43,3.67
44,Yurty,RU,2022-01-28 02:51:22,56.0498,97.6348,-1.73,99,100,1.3
45,Porto Santo,PT,2022-01-28 02:51:22,33.072,-16.3415,57.31,88,40,2.3
46,Dullewala,PK,2022-01-28 02:51:23,31.8359,71.4362,51.37,45,4,0.47
47,Vila Franca Do Campo,PT,2022-01-28 02:51:23,37.7167,-25.4333,55.81,76,85,9.33
48,Cananea,MX,2022-01-28 02:51:23,30.95,-110.3,49.78,25,96,6.93
49,Castro,BR,2022-01-28 02:52:24,-24.7911,-50.0119,65.59,99,100,4.92
50,Castlegar,CA,2022-01-28 02:52:24,49.2998,-117.6689,30.88,100,76,1.81
51,Lorengau,PG,2022-01-28 02:52:24,-2.0226,147.2712,83.66,74,80,6.46
52,Puerto Ayora,EC,2022-01-28 02:50:24,-0.7393,-90.3518,73.51,84,84,6.67
53,Rawson,AR,2022-01-28 02:52:24,-43.3002,-65.1023,82.11,32,28,15.08
54,Hilo,US,2022-01-28 02:51:30,19.7297,-155.09,78.53,73,100,9.22
55,Fairbanks,US,2022-01-28 02:49:16,64.8378,-147.7164,-7.26,72,100,0.0
56,Penedo,BR,2022-01-28 02:52:25,-10.2903,-36.5864,75.92,87,100,3.58
57,Mao,ES,2022-01-28 02:52:25,39.8885,4.2658,45.16,100,0,4.61
58,Bengkulu,ID,2022-01-28 02:52:25,-3.8004,102.2655,83.88,67,89,1.72
59,Chilca,PE,2022-01-28 02:52:26,-12.5211,-76.7372,69.96,87,100,5.28
60,Marawi,PH,2022-01-28 02:52:26,7.9986,124.2928,72.64,61,54,3.87
61,Barrow,US,2022-01-28 02:52:26,71.2906,-156.7887,-20.18,76,0,10.36
62,Sarakhs,IR,2022-01-28 02:52:26,36.5449,61.1577,46.92,79,0,17.76
63,Arraial Do Cabo,BR,2022-01-28 02:52:27,-22.9661,-42.0278,75.51,90,41,17.72
64,Bambous Virieux,MU,2022-01-28 02:52:27,-20.3428,57.7575,77.22,88,75,3.44
65,Ixtapa,MX,2022-01-28 02:50:30,20.7,-105.2,71.22,88,93,2.3
66,Bethel,US,2022-01-28 02:51:13,41.3712,-73.414,30.56,75,20,0.0
67,Tessalit,ML,2022-01-28 02:52:27,20.1986,1.0114,58.71,23,90,12.55
68,Lebu,CL,2022-01-28 02:49:21,-37.6167,-73.65,59.13,94,9,1.9
69,Sabratah,LY,2022-01-28 02:52:27,32.7933,12.4885,48.47,63,0,6.08
70,Shimoda,JP,2022-01-28 02:52:28,34.6667,138.95,50.36,58,98,6.24
71,Bathsheba,BB,2022-01-28 02:52:06,13.2167,-59.5167,74.01,83,40,6.91
72,Chuy,UY,2022-01-28 02:50:21,-33.6971,-53.4616,66.18,70,98,6.42
73,Nakur,IN,2022-01-28 02:52:28,29.9167,77.3,45.52,69,0,6.6
74,Bonavista,CA,2022-01-28 02:52:28,48.6499,-53.1147,15.12,67,82,11.48
75,Jiwani,PK,2022-01-28 02:52:29,25.05,61.7417,68.85,49,0,5.7
76,Nikolskoye,RU,2022-01-28 02:52:29,59.7035,30.7861,30.87,96,100,7.65
77,Umm Lajj,SA,2022-01-28 02:52:29,25.0213,37.2685,59.2,36,57,18.86
78,Aksarka,RU,2022-01-28 02:52:29,66.5606,67.7975,-2.13,99,100,3.42
79,Liverpool,GB,2022-01-28 02:51:22,53.4106,-2.9779,43.83,93,100,1.01
80,Mandurah,AU,2022-01-28 02:52:30,-32.55,115.7,83.16,41,0,4.88
81,Teguldet,RU,2022-01-28 02:52:30,57.3064,88.1667,-8.64,100,72,3.53
82,Salamanca,ES,2022-01-28 02:51:31,40.8333,-6.0,30.99,58,0,7.4
83,Port Hedland,AU,2022-01-28 02:52:30,-20.3167,118.5667,93.25,46,100,17.27
84,Vaini,TO,2022-01-28 02:52:30,-21.2,-175.2,82.96,77,34,13.91
85,Sao Joao Da Barra,BR,2022-01-28 02:52:31,-21.6403,-41.0511,75.18,92,2,13.04
86,Maumere,ID,2022-01-28 02:52:31,-8.6199,122.2111,83.35,76,100,5.08
87,Bilma,NE,2022-01-28 02:52:31,18.6853,12.9164,53.98,24,5,8.08
88,Texarkana,US,2022-01-28 02:50:21,33.4251,-94.0477,44.82,50,100,3.44
89,Jiangyou,CN,2022-01-28 02:52:31,31.7667,104.7167,44.62,73,100,3.85
90,Pompeu,BR,2022-01-28 02:52:32,-19.2244,-44.9353,69.53,79,75,1.7
91,Kodiak,US,2022-01-28 02:48:53,57.79,-152.4072,35.11,80,100,20.71
92,Carnarvon,AU,2022-01-28 02:47:58,-24.8667,113.6333,82.47,69,0,10.36
93,Esperance,AU,2022-01-28 02:52:32,-33.8667,121.9,73.24,55,8,12.26
94,Copiapo,CL,2022-01-28 02:53:32,-27.3667,-70.3333,65.44,72,0,1.41
95,Bluff,NZ,2022-01-28 02:53:33,-46.6,168.3333,68.81,58,100,7.72
96,Inhambane,MZ,2022-01-28 02:53:33,-23.865,35.3833,75.09,82,54,6.64
97,Kommunisticheskiy,RU,2022-01-28 02:53:33,61.6789,64.4819,1.36,97,91,5.14
98,Cape Town,ZA,2022-01-28 02:49:14,-33.9258,18.4232,65.08,76,20,8.05
99,Sioux Lookout,CA,2022-01-28 02:53:33,50.1001,-91.917,-7.22,83,20,2.3
100,Teya,RU,2022-01-28 02:53:34,60.3778,92.6267,-10.3,100,100,3.42
101,Avarua,CK,2022-01-28 02:53:09,-21.2078,-159.775,84.25,79,40,16.11
102,Zalantun,CN,2022-01-28 02:53:34,48.0,122.7167,7.27,69,77,13.0
103,Hithadhoo,MV,2022-01-28 02:53:34,-0.6,73.0833,81.46,67,92,15.77
104,Hillsborough,US,2022-01-28 02:48:57,37.5741,-122.3794,60.31,58,20,1.99
105,Ndele,CF,2022-01-28 02:53:34,8.4109,20.6473,67.64,24,53,7.11
106,Hobart,AU,2022-01-28 02:50:26,-42.8794,147.3294,89.02,60,40,1.01
107,Tevaitoa,PF,2022-01-28 02:53:35,-16.7833,-151.5,80.8,76,16,16.24
108,Beringovskiy,RU,2022-01-28 02:53:35,63.05,179.3167,2.34,92,100,2.84
109,Mbanza-Ngungu,CD,2022-01-28 02:53:35,-5.25,14.8667,65.93,97,77,2.66
110,Tuktoyaktuk,CA,2022-01-28 02:53:36,69.4541,-133.0374,-22.0,76,20,6.91
111,Salalah,OM,2022-01-28 02:53:36,17.0151,54.0924,64.4,80,1,4.5
112,Analipsis,GR,2022-01-28 02:53:36,35.3167,25.5667,44.94,66,28,6.04
113,Saint-Philippe,RE,2022-01-28 02:53:36,-21.3585,55.7679,72.99,83,53,8.32
114,Nanortalik,GL,2022-01-28 02:53:37,60.1432,-45.2371,10.38,80,30,11.25
115,Kapaa,US,2022-01-28 02:53:37,22.0752,-159.319,80.11,79,9,1.01
116,Clyde River,CA,2022-01-28 02:53:37,70.4692,-68.5914,-10.97,77,75,13.8
117,Noumea,NC,2022-01-28 02:50:07,-22.2763,166.4572,80.01,99,84,13.94
118,Providencia,MX,2022-01-28 02:53:37,28.7167,-111.5833,64.85,54,71,13.33
119,Coahuayana,MX,2022-01-28 02:53:38,18.7333,-103.6833,70.66,88,65,1.92
120,Dingle,PH,2022-01-28 02:53:38,10.9995,122.6711,84.42,72,87,8.57
121,Torbay,CA,2022-01-28 02:50:40,47.6666,-52.7314,15.49,87,40,5.75
122,Kahului,US,2022-01-28 02:53:38,20.8947,-156.47,82.42,59,40,11.5
123,Verkhnyaya Inta,RU,2022-01-28 02:53:38,65.9811,60.3094,0.14,95,80,8.43
124,Guerrero Negro,MX,2022-01-28 02:53:39,27.9769,-114.0611,63.57,56,100,9.93
125,Bobrov,RU,2022-01-28 02:53:39,51.0961,40.0333,-6.93,100,100,4.76
126,Aripuana,BR,2022-01-28 02:50:06,-9.1667,-60.6333,71.04,95,86,1.23
127,Harper,LR,2022-01-28 02:53:39,4.375,-7.7169,78.44,80,85,4.56
128,Miri,MY,2022-01-28 02:53:40,4.4148,114.0089,77.14,88,40,5.75
129,Yasnyy,RU,2022-01-28 02:53:40,51.0333,59.8742,9.63,94,100,9.04
130,Mount Isa,AU,2022-01-28 02:53:40,-20.7333,139.5,82.17,89,75,9.22
131,Qaanaaq,GL,2022-01-28 02:53:40,77.484,-69.3632,-10.25,71,28,8.14
132,Tabas,IR,2022-01-28 02:53:41,33.5959,56.9244,49.46,51,2,10.0
133,Tarata,BO,2022-01-28 02:53:41,-17.6167,-66.0167,63.07,75,85,4.72
134,Kerouane,GN,2022-01-28 02:53:41,9.2667,-9.0167,71.08,24,38,3.51
135,Colombo,LK,2022-01-28 02:53:41,6.9319,79.8478,75.15,68,37,6.87
136,Road Town,VG,2022-01-28 02:53:42,18.4167,-64.6167,75.99,72,35,16.24
137,Kaeo,NZ,2022-01-28 02:53:42,-35.1,173.7833,72.32,70,7,15.05
138,Sisimiut,GL,2022-01-28 02:53:42,66.9395,-53.6735,5.88,79,100,25.75
139,Vaitape,PF,2022-01-28 02:53:42,-16.5167,-151.75,80.96,76,11,16.75
140,Longyearbyen,SJ,2022-01-28 02:51:13,78.2186,15.6401,10.24,79,75,11.5
141,Lata,PT,2022-01-28 02:54:09,40.1629,-8.3327,47.05,69,0,5.19
142,Ihlow,DE,2022-01-28 02:54:43,51.8833,13.3333,41.31,70,75,17.27
143,Sujiatun,CN,2022-01-28 02:54:43,41.6592,123.3392,17.78,45,0,4.47
144,Komsomolskiy,UZ,2022-01-28 02:54:43,40.4272,71.7189,27.82,59,100,9.22
145,Nicoya,CR,2022-01-28 02:54:41,10.1483,-85.452,78.35,70,2,8.14
146,Briancon,FR,2022-01-28 02:54:44,44.9,6.65,31.35,53,20,5.64
147,Dalmeny,CA,2022-01-28 02:54:44,52.3334,-106.7679,17.33,79,40,6.91
148,Aykhal,RU,2022-01-28 02:52:43,66.0,111.5,-17.25,99,32,5.17
149,Palmer,US,2022-01-28 02:51:08,42.1584,-72.3287,22.86,69,75,6.91
150,Souillac,MU,2022-01-28 02:54:44,-20.5167,57.5167,77.36,88,75,3.44
151,Ca Mau,VN,2022-01-28 02:54:44,9.1769,105.15,86.45,50,95,5.06
152,Kultayevo,RU,2022-01-28 02:54:45,57.8943,55.9392,3.18,85,100,8.95
153,Port Lavaca,US,2022-01-28 02:54:45,28.615,-96.6261,58.28,81,75,6.91
154,Mandalgovi,MN,2022-01-28 02:54:45,45.7625,106.2708,7.29,48,0,2.21
155,George Town,MY,2022-01-28 02:53:42,5.4112,100.3354,87.73,78,20,5.99
156,Iacu,BR,2022-01-28 02:53:14,-12.7672,-40.2117,69.49,93,84,1.66
157,Burns Lake,CA,2022-01-28 02:54:45,54.2331,-125.7533,20.62,98,100,3.29
158,Ziro,IN,2022-01-28 02:54:46,27.6333,93.8333,36.34,80,7,1.9
159,Alice Town,BS,2022-01-28 02:54:46,25.7167,-79.3,74.39,77,41,10.0
160,Hasaki,JP,2022-01-28 02:54:46,35.7333,140.8333,50.29,61,100,3.31
161,Auray,FR,2022-01-28 02:54:46,47.6703,-2.9918,49.55,96,100,5.79
162,Amapa,BR,2022-01-28 02:54:47,1.0,-52.0,70.92,100,100,1.52
163,Bandiagara,ML,2022-01-28 02:54:47,14.3501,-3.6104,67.6,18,1,14.09
164,Port Lincoln,AU,2022-01-28 02:54:47,-34.7333,135.8667,72.28,69,78,12.91
165,Moron,AR,2022-01-28 02:54:47,-34.6534,-58.6198,67.96,68,2,5.57
166,College,US,2022-01-28 02:54:48,64.8569,-147.8028,-6.34,74,100,3.6
167,Te Anau,NZ,2022-01-28 02:51:21,-45.4167,167.7167,73.92,34,100,4.16
168,Debica,PL,2022-01-28 02:54:48,50.0515,21.4114,37.78,90,100,20.56
169,Lompoc,US,2022-01-28 02:54:48,34.6391,-120.4579,58.93,56,0,3.44
170,Kavieng,PG,2022-01-28 02:51:28,-2.5744,150.7967,85.24,65,65,6.55
171,Deer Lake,CA,2022-01-28 02:54:49,49.1667,-57.4316,1.26,78,75,0.0
172,Rayong,TH,2022-01-28 02:54:49,12.8333,101.4333,89.44,56,20,1.25
173,Pevek,RU,2022-01-28 02:54:49,69.7008,170.3133,-26.19,99,21,0.78
174,Flinders,AU,2022-01-28 02:54:49,-34.5833,150.8552,86.81,62,19,8.01
175,Leamington,CA,2022-01-28 02:54:50,42.0549,-82.6062,28.36,93,94,8.99
176,Anori,BR,2022-01-28 02:54:50,-3.7728,-61.6442,73.6,98,100,1.57
177,Provideniya,RU,2022-01-28 02:54:50,64.3833,-173.3,-1.64,71,0,0.0
178,Rio Gallegos,AR,2022-01-28 02:54:50,-51.6226,-69.2181,59.05,58,0,4.61
179,Yeppoon,AU,2022-01-28 02:54:51,-23.1333,150.7333,87.58,55,68,15.86
180,Scarborough,GB,2022-01-28 02:54:51,54.2797,-0.4044,38.91,84,100,7.07
181,Porto Novo,BJ,2022-01-28 02:54:51,6.4965,2.6036,80.42,88,66,3.24
182,Grand Gaube,MU,2022-01-28 02:54:51,-20.0064,57.6608,77.38,69,0,4.0
183,Ponta Do Sol,PT,2022-01-28 02:54:52,32.6667,-17.1,58.01,78,79,3.98
184,Belinskiy,RU,2022-01-28 02:54:52,52.9647,43.4165,6.76,99,99,3.69
185,Villarrica,PY,2022-01-28 02:54:52,-25.75,-56.4333,72.45,90,90,8.25
186,Vostok,RU,2022-01-28 02:54:52,46.4856,135.8833,4.35,85,100,10.38
187,Jiexiu,CN,2022-01-28 02:55:53,37.0244,111.9125,32.88,65,100,3.29
188,Richards Bay,ZA,2022-01-28 02:55:09,-28.783,32.0377,76.42,84,60,15.61
189,La Ronge,CA,2022-01-28 02:55:53,55.1001,-105.2842,7.05,78,100,2.3
190,Jaragua,BR,2022-01-28 02:55:53,-15.7569,-49.3344,71.82,95,67,1.81
191,Fortuna,US,2022-01-28 02:55:39,40.5982,-124.1573,47.32,90,0,0.0
192,Belmonte,BR,2022-01-28 02:55:53,-15.8631,-38.8828,75.7,87,97,5.32
193,Katsuura,JP,2022-01-28 02:55:54,35.1333,140.3,46.44,95,100,9.84
194,Ambilobe,MG,2022-01-28 02:55:28,-13.2,49.05,73.15,92,98,2.1
195,Vanavara,RU,2022-01-28 02:55:54,60.34,102.2797,-11.42,98,90,2.73
196,Katangli,RU,2022-01-28 02:55:54,51.7102,143.2326,1.44,77,25,7.11
197,Vila,PT,2022-01-28 02:55:55,42.0304,-8.1588,39.33,79,0,5.08
198,Hirado,JP,2022-01-28 02:55:55,33.3597,129.5531,54.39,53,27,10.02
199,Rozkishne,UA,2022-01-28 02:55:55,48.5074,39.3004,5.52,97,51,4.79
200,Xai-Xai,MZ,2022-01-28 02:55:07,-25.0519,33.6442,72.34,95,35,6.98
201,Warmbad,NA,2022-01-28 02:55:55,-28.45,18.7333,75.18,28,10,11.14
202,Matara,LK,2022-01-28 02:55:56,5.9485,80.5353,79.21,67,17,4.56
203,Faya,SA,2022-01-28 02:55:56,18.3851,42.4509,50.11,82,17,2.93
204,Severo-Yeniseyskiy,RU,2022-01-28 02:55:56,60.3725,93.0408,-12.23,100,92,4.03
205,Malartic,CA,2022-01-28 02:55:56,48.1335,-78.1328,-2.09,83,100,7.63
206,Sardarshahr,IN,2022-01-28 02:55:57,28.4333,74.4833,54.61,33,0,0.47
207,Victoria,HK,2022-01-28 02:51:07,22.2855,114.1577,69.19,89,100,11.01
208,Derzhavinsk,KZ,2022-01-28 02:55:57,51.1,66.3167,8.51,83,100,7.36
209,Luderitz,NA,2022-01-28 02:54:45,-26.6481,15.1594,65.97,75,0,24.25
210,Upernavik,GL,2022-01-28 02:55:57,72.7868,-56.1549,2.8,90,100,16.6
211,Mangan,IN,2022-01-28 02:55:57,27.5167,88.5333,54.32,30,0,1.9
212,Mar Del Plata,AR,2022-01-28 02:55:28,-38.0023,-57.5575,61.88,75,0,1.01
213,Pueblo Nuevo,MX,2022-01-28 02:55:58,23.3833,-105.3833,47.44,58,100,4.76
214,Broome,US,2022-01-28 02:55:58,42.2506,-75.833,27.46,62,100,3.0
215,Waddan,LY,2022-01-28 02:55:58,29.1614,16.139,42.42,63,2,1.52
216,Palu,ID,2022-01-28 02:55:58,-0.8917,119.8707,82.44,79,100,0.54
217,Champerico,GT,2022-01-28 02:55:59,14.3,-91.9167,80.76,66,3,3.76
218,Kaohsiung,TW,2022-01-28 02:55:59,22.6163,120.3133,73.35,79,75,1.99
219,Uyuni,BO,2022-01-28 02:55:59,-20.4597,-66.825,50.59,72,93,8.19
220,Ankara,TR,2022-01-28 02:55:27,39.9199,32.8543,22.12,98,76,1.83
221,North Bend,US,2022-01-28 02:55:59,43.4065,-124.2243,46.85,94,0,0.0
222,Sao Filipe,CV,2022-01-28 02:53:00,14.8961,-24.4956,71.46,72,95,13.47
223,Roald,NO,2022-01-28 02:56:00,62.5833,6.1333,37.54,60,100,10.36
224,Chunan,CN,2022-01-28 02:56:00,24.5277,110.548,46.18,83,97,4.81
225,Lar,IN,2022-01-28 02:56:00,26.2039,83.9717,53.92,74,8,7.94
226,Biltine,TD,2022-01-28 02:56:00,14.5333,20.9167,58.73,20,46,13.91
227,Jamestown,US,2022-01-28 02:56:01,42.097,-79.2353,26.1,51,100,7.0
228,Buta,CD,2022-01-28 02:56:01,2.7858,24.73,66.4,53,84,0.87
229,Mindelo,CV,2022-01-28 02:56:01,16.8901,-24.9804,69.35,60,75,26.46
230,Kalmunai,LK,2022-01-28 02:56:02,7.4167,81.8167,76.66,79,92,9.26
231,Scottsbluff,US,2022-01-28 02:55:29,41.8666,-103.6672,29.79,67,33,1.99
232,Severo-Kurilsk,RU,2022-01-28 02:57:02,50.6789,156.125,24.26,75,95,37.02
233,Kaitangata,NZ,2022-01-28 02:57:02,-46.2817,169.8464,60.93,69,74,7.85
234,Parana,AR,2022-01-28 02:57:02,-31.732,-60.5238,68.58,67,91,8.93
235,Morros,BR,2022-01-28 02:57:03,-9.4467,-46.3003,69.66,89,99,0.78
236,Malanje,AO,2022-01-28 02:57:03,-9.5402,16.341,62.46,98,100,3.36
237,Vila Velha,BR,2022-01-28 02:53:45,-20.3297,-40.2925,78.75,84,75,5.01
238,Mago,RU,2022-01-28 02:57:03,53.2514,140.1822,-6.07,83,50,3.36
239,Mansa,IN,2022-01-28 02:57:04,29.9833,75.3833,46.42,61,0,4.85
240,Nampula,MZ,2022-01-28 02:55:12,-15.1165,39.2666,69.75,100,0,4.61
241,San Juan,AR,2022-01-28 02:57:04,-31.5375,-68.5364,70.84,68,12,6.4
242,Husavik,IS,2022-01-28 02:57:04,66.0449,-17.3389,37.31,78,100,15.35
243,Beckley,US,2022-01-28 02:54:25,37.7782,-81.1882,32.49,52,100,3.11
244,Saskylakh,RU,2022-01-28 02:57:04,71.9167,114.0833,3.09,89,86,13.02
245,Codajas,BR,2022-01-28 02:57:05,-3.8367,-62.0569,73.36,98,91,2.51
246,Progreso,MX,2022-01-28 02:57:05,21.2833,-89.6667,75.11,75,13,10.04
247,Narasannapeta,IN,2022-01-28 02:57:05,18.4167,84.05,68.5,56,9,7.09
248,Port Blair,IN,2022-01-28 02:57:06,11.6667,92.75,82.44,74,20,4.61
249,Odweyne,SO,2022-01-28 02:57:06,9.4092,45.064,59.49,19,89,11.41
250,Nizhniy Tsasuchey,RU,2022-01-28 02:57:06,50.5167,115.1333,0.01,79,20,8.75
251,Bud,US,2022-01-28 02:57:06,39.447,-86.1758,30.9,83,100,5.7
252,Macapa,BR,2022-01-28 02:57:07,0.0389,-51.0664,76.98,94,100,3.44
253,Shagonar,RU,2022-01-28 02:57:07,51.5333,92.8,-8.68,98,98,0.89
254,Halifax,CA,2022-01-28 02:55:30,44.6453,-63.5724,20.21,81,85,1.01
255,Honningsvag,NO,2022-01-28 02:57:07,70.9821,25.9704,30.36,61,100,17.22
256,Port Keats,AU,2022-01-28 02:57:07,-14.25,129.55,82.62,83,100,15.9
257,Geraldton,AU,2022-01-28 02:57:08,-28.7667,114.6,95.41,26,0,12.66
258,Verkhnevilyuysk,RU,2022-01-28 02:57:08,63.4453,120.3167,-6.23,92,26,7.11
259,Discovery Bay,US,2022-01-28 02:53:40,37.9085,-121.6002,59.85,58,0,2.91
260,Chinsali,ZM,2022-01-28 02:57:09,-10.5414,32.0816,62.92,97,100,3.0
261,Cabo San Lucas,MX,2022-01-28 02:56:52,22.8909,-109.9124,70.52,70,10,4.68
262,Qaqortoq,GL,2022-01-28 02:53:10,60.7167,-46.0333,-0.67,89,6,5.86
263,Padang,ID,2022-01-28 02:57:09,-0.9492,100.3543,86.05,66,85,1.07
264,Codrington,AU,2022-01-28 02:56:16,-38.2667,141.9667,71.06,71,81,11.36
265,Miami Beach,US,2022-01-28 02:57:09,25.7906,-80.1301,72.01,91,95,1.01
266,Slonim,BY,2022-01-28 02:57:09,53.0867,25.3219,33.6,97,100,17.31
267,Bella Union,UY,2022-01-28 02:57:10,-30.2752,-57.6007,69.44,53,87,11.79
268,Malakal,SS,2022-01-28 02:57:10,9.5334,31.6605,69.28,20,16,10.74
269,Itaituba,BR,2022-01-28 02:57:10,-4.2761,-55.9836,75.36,100,40,0.0
270,Ribeira Grande,PT,2022-01-28 02:57:11,38.5167,-28.7,59.86,73,7,6.53
271,Praia Da Vitoria,PT,2022-01-28 02:57:11,38.7333,-27.0667,55.76,100,40,15.57
272,Thompson,CA,2022-01-28 02:57:11,55.7435,-97.8558,-3.84,71,100,10.36
273,Airai,TL,2022-01-28 02:57:11,-8.9266,125.4092,74.32,56,74,4.97
274,Port Antonio,JM,2022-01-28 02:57:12,18.18,-76.4612,78.71,85,15,3.49
275,Jacareacanga,BR,2022-01-28 02:57:12,-6.2222,-57.7528,71.98,99,88,2.06
276,Korla,CN,2022-01-28 02:57:12,41.7597,86.1469,23.41,56,0,3.04
277,Olafsvik,IS,2022-01-28 02:57:12,64.8945,-23.7142,36.48,98,100,18.14
278,Tuatapere,NZ,2022-01-28 02:57:13,-46.1333,167.6833,68.83,43,100,7.45
279,Gat,IL,2022-01-28 02:57:13,31.61,34.7642,47.39,100,100,12.12
280,Kousseri,CM,2022-01-28 02:58:13,12.0769,15.0306,62.56,25,3,11.5
281,Leningradskiy,RU,2022-01-28 02:58:13,69.3833,178.4167,-16.64,95,40,2.48
282,Adrar,MR,2022-01-28 02:58:14,20.5022,-10.0711,62.26,17,99,4.92
283,Tayshet,RU,2022-01-28 02:58:14,55.9342,98.0044,-1.16,99,100,1.12
284,Norman Wells,CA,2022-01-28 02:58:14,65.282,-126.8329,-0.36,78,100,3.44
285,Touros,BR,2022-01-28 02:58:14,-5.1989,-35.4608,77.9,84,99,6.4
286,Saint Anthony,US,2022-01-28 02:58:15,45.0205,-93.218,13.6,71,0,11.5
287,The Valley,AI,2022-01-28 02:58:15,18.217,-63.0578,76.86,66,0,14.2
288,Lexington,US,2022-01-28 02:56:44,37.9887,-84.4777,34.56,49,100,6.93
289,Pisco,PE,2022-01-28 02:54:44,-13.7,-76.2167,68.05,77,0,16.11
290,Salinopolis,BR,2022-01-28 02:58:15,-0.6136,-47.3561,73.92,97,100,6.17
291,Miquelon,PM,2022-01-28 02:58:16,47.0975,-56.3814,20.05,63,42,10.85
292,Nishihara,JP,2022-01-28 02:58:16,26.1842,127.7558,71.65,69,75,8.05
293,Ajdabiya,LY,2022-01-28 02:58:16,30.7554,20.2263,53.74,58,100,7.54
294,East London,ZA,2022-01-28 02:58:16,-33.0153,27.9116,71.91,89,77,14.05
295,Itarema,BR,2022-01-28 02:58:17,-2.9248,-39.9167,75.06,89,100,7.02
296,Velke Mezirici,CZ,2022-01-28 02:58:17,49.3552,16.0122,38.55,37,99,23.22
297,Namatanai,PG,2022-01-28 02:58:17,-3.6667,152.4333,84.76,71,59,7.52
298,Balkanabat,TM,2022-01-28 02:58:17,39.5108,54.3671,41.38,91,100,20.18
299,Vao,NC,2022-01-28 02:58:18,-22.6667,167.4833,78.8,82,100,13.89
300,Esmeraldas,BR,2022-01-28 02:58:18,-19.7625,-44.3139,75.51,83,93,2.3
301,Zhigansk,RU,2022-01-28 02:58:18,66.7697,123.3711,-30.08,99,21,3.18
302,Susangerd,IR,2022-01-28 02:58:18,31.5608,48.1831,44.62,47,0,8.12
303,Kharp,RU,2022-01-28 02:58:19,66.8014,65.8081,-1.12,92,93,7.63
304,Santa Maria,BR,2022-01-28 02:58:19,-29.6842,-53.8069,65.5,82,0,6.91
305,Mahebourg,MU,2022-01-28 02:58:19,-20.4081,57.7,77.25,88,75,3.44
306,Khorixas,NA,2022-01-28 02:58:19,-20.3667,14.9667,69.64,59,67,5.28
307,Labuhan,ID,2022-01-28 02:58:20,-6.8844,112.2051,83.52,73,100,9.66
308,Gunnedah,AU,2022-01-28 02:58:20,-30.9833,150.25,89.22,51,46,3.44
309,Vardo,NO,2022-01-28 02:58:20,70.3705,31.1107,26.8,94,100,7.38
310,San Pedro,PH,2022-01-28 02:58:20,14.35,121.0167,85.32,68,40,9.22
311,Lefka,CY,2022-01-28 02:58:21,35.1106,32.8506,44.89,65,26,4.9
312,Demba,CD,2022-01-28 02:58:21,-5.51,22.2667,67.17,91,99,1.59
313,Kijang,KR,2022-01-28 02:58:21,35.2442,129.2139,42.53,16,26,0.56
314,Tombouctou,ML,2022-01-28 02:58:21,20.0,-3.0,63.09,19,32,11.12
315,Northam,GB,2022-01-28 02:58:22,51.0333,-4.2167,41.09,85,70,3.65
316,Moose Factory,CA,2022-01-28 02:58:22,51.2585,-80.6094,-14.8,76,0,8.05
317,Sherlovaya Gora,RU,2022-01-28 02:58:22,50.5667,116.25,-10.3,92,54,5.19
318,Ponnani,IN,2022-01-28 02:54:18,10.767,75.9252,76.32,64,15,12.26
319,Mount Gambier,AU,2022-01-28 02:58:22,-37.8333,140.7667,76.91,53,40,11.5
320,Rovaniemi,FI,2022-01-28 02:58:23,66.5,25.7167,18.81,93,100,3.44
321,Kikwit,CD,2022-01-28 02:58:23,-5.041,18.8162,69.82,83,16,1.14
322,Igarka,RU,2022-01-28 02:58:23,67.4667,86.5833,-0.81,93,100,23.04
323,Aswan,EG,2022-01-28 02:54:13,24.0934,32.907,42.1,52,0,6.91
324,Ostrovnoy,RU,2022-01-28 02:58:23,68.0531,39.5131,16.0,92,100,9.78
325,Naze,JP,2022-01-28 02:58:24,28.3667,129.4833,58.12,78,95,11.23
326,Angoram,PG,2022-01-28 02:58:24,-4.0625,144.0661,82.65,88,93,2.86
327,San Quintin,MX,2022-01-28 02:58:24,30.4833,-115.95,59.02,68,100,6.22
328,Monte Alegre De Minas,BR,2022-01-28 02:58:24,-18.8706,-48.8808,74.05,88,85,4.81
329,Nemuro,JP,2022-01-28 02:59:25,43.3236,145.575,21.63,65,15,7.74
330,Whitehorse,CA,2022-01-28 02:59:25,60.7161,-135.0538,29.17,80,100,14.97
331,Jardim,BR,2022-01-28 02:59:25,-21.4803,-56.1381,75.67,78,100,3.49
332,Fare,PF,2022-01-28 02:59:25,-16.7,-151.0167,80.74,76,7,15.77
333,Ravar,IR,2022-01-28 02:59:26,31.2656,56.8055,53.37,47,17,11.45
334,Zhuhai,CN,2022-01-28 02:59:26,22.2769,113.5678,68.72,88,40,12.66
335,Doembang Nangbuat,TH,2022-01-28 02:59:26,14.8333,100.1,92.07,41,38,3.04
336,Tunoshna,RU,2022-01-28 02:59:26,57.5459,40.1254,17.58,79,75,8.95
337,Langres,FR,2022-01-28 02:59:27,47.8333,5.3333,31.19,97,98,3.53
338,Kupang,ID,2022-01-28 02:59:27,-10.1667,123.5833,82.98,89,75,9.22
339,Sahuaripa,MX,2022-01-28 02:59:27,29.05,-109.2333,60.87,30,11,3.76
340,Luba,GQ,2022-01-28 02:59:27,3.4568,8.5547,76.89,74,15,0.94
341,Bomet,KE,2022-01-28 02:59:28,-0.7813,35.3416,55.49,73,97,2.15
342,Ilulissat,GL,2022-01-28 02:59:28,69.2167,-51.1,-3.1,83,100,8.25
343,Gimli,CA,2022-01-28 02:59:28,50.6336,-96.9907,-6.88,77,63,8.05
344,Klaksvik,FO,2022-01-28 02:59:28,62.2266,-6.589,43.72,86,100,18.72
345,Deputatskiy,RU,2022-01-28 02:59:29,69.3,139.9,-22.22,98,31,4.38
346,Kyshtovka,RU,2022-01-28 02:59:29,56.555,76.6271,5.43,96,100,6.58
347,Tallahassee,US,2022-01-28 02:54:30,30.4383,-84.2807,49.51,86,80,5.32
348,Jonesboro,US,2022-01-28 02:55:51,35.8423,-90.7043,38.01,47,100,3.0
349,Kuytun,RU,2022-01-28 02:59:29,54.3419,101.5036,-8.68,100,97,2.68
350,Abha,SA,2022-01-28 02:59:29,18.2164,42.5053,49.82,93,5,0.0
351,Zmeinogorsk,RU,2022-01-28 02:59:30,51.1567,82.195,-5.03,94,53,3.91
352,Rong Kwang,TH,2022-01-28 02:59:30,18.339,100.3174,67.48,42,36,1.21
353,Rovnoye,RU,2022-01-28 02:59:30,50.7765,46.0509,21.07,96,100,4.88
354,Asau,RO,2022-01-28 02:59:30,46.4333,26.4,32.92,90,96,7.76
355,Bourail,NC,2022-01-28 02:59:31,-21.5667,165.4833,87.58,60,38,10.76
356,Leeton,AU,2022-01-28 02:59:31,-34.5667,146.4,96.89,45,66,8.05
357,Chantada,ES,2022-01-28 02:59:31,42.6088,-7.7712,42.4,98,53,3.4
358,Iqaluit,CA,2022-01-28 02:59:32,63.7506,-68.5145,-11.31,83,100,4.0
359,Tabou,CI,2022-01-28 02:59:32,4.423,-7.3528,78.55,80,69,3.76
360,Narsaq,GL,2022-01-28 02:59:32,60.9167,-46.05,-1.64,85,13,6.46
361,Meulaboh,ID,2022-01-28 02:59:32,4.1363,96.1285,82.8,73,78,1.52
362,Aklavik,CA,2022-01-28 02:59:33,68.2191,-135.0107,-19.37,93,100,2.21
363,Quelimane,MZ,2022-01-28 02:59:33,-17.8786,36.8883,76.95,94,20,5.99
364,Portland,US,2022-01-28 02:55:05,45.5234,-122.6762,42.17,66,33,1.99
365,Altay,CN,2022-01-28 02:59:33,47.8667,88.1167,0.54,70,7,6.98
366,Seoul,KR,2022-01-28 02:55:51,37.5683,126.9778,33.19,43,0,6.91
367,Mitsamiouli,KM,2022-01-28 02:59:33,-11.3847,43.2844,79.59,77,39,3.38
368,Ratchaburi,TH,2022-01-28 02:59:34,13.5833,99.5333,88.23,42,39,1.63
369,Victor Harbor,AU,2022-01-28 02:59:34,-35.5667,138.6167,81.81,68,100,4.0
370,Sola,VU,2022-01-28 02:59:34,-13.8833,167.55,82.11,76,100,16.58
371,Raton,US,2022-01-28 02:59:34,36.9034,-104.4391,23.05,73,100,1.01
372,Manzhouli,CN,2022-01-28 02:55:47,49.6,117.4333,-3.15,87,43,7.4
373,Mashhad,IR,2022-01-28 02:56:16,36.297,59.6062,46.54,66,0,13.8
374,Saint-Francois,FR,2022-01-28 02:59:35,46.4154,3.9054,30.67,93,100,2.3
375,Bardiyah,LY,2022-01-28 02:59:35,31.7561,25.0865,52.65,71,99,17.38
376,Kismayo,SO,2022-01-28 02:59:35,-0.3582,42.5454,75.45,84,13,8.43
377,Pacifica,US,2022-01-28 03:00:35,37.6138,-122.4869,60.12,52,0,3.0
378,Aljezur,PT,2022-01-28 03:00:36,37.3191,-8.8033,50.67,80,7,4.92
379,Nome,US,2022-01-28 03:00:36,64.5011,-165.4064,-5.89,74,1,4.72
380,Los Llanos De Aridane,ES,2022-01-28 03:00:36,28.6585,-17.9182,54.12,74,20,7.0
381,Okato,NZ,2022-01-28 03:00:37,-39.2,173.8833,70.68,47,96,7.25
382,Kefamenanu,ID,2022-01-28 03:00:37,-9.4467,124.4781,83.79,57,100,8.43
383,Goundam,ML,2022-01-28 03:00:37,16.4145,-3.6708,65.8,16,3,9.71
384,Hofn,IS,2022-01-28 03:00:38,64.2539,-15.2082,42.08,94,100,35.75
385,Tilichiki,RU,2022-01-28 03:00:38,60.4667,166.1,26.56,80,100,30.51
386,Charters Towers,AU,2022-01-28 03:00:39,-20.1,146.2667,77.07,81,100,17.0
387,Ostrovskoye,RU,2022-01-28 03:00:39,57.8057,42.2433,8.74,94,99,9.19
388,Tashtyp,RU,2022-01-28 03:00:39,52.7939,89.8983,-4.49,96,38,2.35
389,Neryungri,RU,2022-01-28 03:00:40,56.6709,124.6491,-1.16,91,100,15.46
390,Aliquippa,US,2022-01-28 03:00:40,40.6367,-80.2401,32.29,80,100,1.01
391,Porbandar,IN,2022-01-28 03:00:40,21.6422,69.6093,61.03,44,0,12.91
392,Buckeye,US,2022-01-28 03:00:02,33.3703,-112.5838,61.81,28,0,3.44
393,Rio Tuba,PH,2022-01-28 03:00:40,8.5061,117.4317,82.49,74,100,7.96
394,Kruisfontein,ZA,2022-01-28 03:00:41,-34.0033,24.7314,64.89,90,1,8.34
395,Shingu,JP,2022-01-28 03:00:41,33.7333,135.9833,53.26,38,12,6.55
396,Stromness,GB,2022-01-28 03:00:41,58.965,-3.296,40.96,78,100,18.43
397,Les Cayes,HT,2022-01-28 03:00:42,18.2,-73.75,76.96,70,80,4.18
398,Mbarara,UG,2022-01-28 03:00:42,-0.608,30.65,64.33,64,100,2.06
399,Cookeville,US,2022-01-28 02:56:12,36.1628,-85.5016,35.98,71,100,0.0
400,Jurm,AF,2022-01-28 03:00:42,36.8648,70.8342,31.14,56,100,7.76
401,High Level,CA,2022-01-28 03:00:43,58.5169,-117.136,10.8,96,100,8.05
402,Vestmanna,FO,2022-01-28 03:00:43,62.1564,-7.1664,41.92,81,75,13.8
403,Tumut,AU,2022-01-28 03:00:43,-35.3,148.2167,89.26,44,51,3.0
404,Baiyin,CN,2022-01-28 03:00:43,36.5583,104.2081,22.01,74,100,5.64
405,Munster,DE,2022-01-28 03:00:01,51.9624,7.6257,41.76,86,20,1.01
406,Cherskiy,RU,2022-01-28 02:56:01,68.75,161.3,-33.83,97,26,2.84
407,Esfarayen,IR,2022-01-28 03:00:44,37.0765,57.5101,34.38,90,100,3.8
408,Djambala,CG,2022-01-28 03:00:44,-2.5447,14.7533,68.13,80,33,2.75
409,Kiunga,PG,2022-01-28 03:00:45,-6.1219,141.2906,93.65,44,86,3.51
410,Comodoro Rivadavia,AR,2022-01-28 03:00:45,-45.8667,-67.5,64.94,74,4,5.44
411,Katherine,AU,2022-01-28 03:00:45,-14.4667,132.2667,88.12,62,97,14.97
412,Shasta Lake,US,2022-01-28 03:00:45,40.6804,-122.3708,51.85,41,0,6.17
413,Sesheke,ZM,2022-01-28 03:00:46,-17.4759,24.2968,66.22,98,100,4.38
414,Muisne,EC,2022-01-28 03:00:46,0.6,-80.0333,74.21,89,92,1.99
415,Garmsar,IR,2022-01-28 03:00:46,35.2182,52.3409,37.92,51,9,10.74
416,Nacala,MZ,2022-01-28 03:00:47,-14.5428,40.6728,72.66,93,54,2.59
417,Chateau-Gontier,FR,2022-01-28 03:00:47,47.8333,-0.7,43.52,97,92,4.72
418,Goderich,CA,2022-01-28 03:00:47,43.7501,-81.7165,26.91,74,100,22.17
419,Paamiut,GL,2022-01-28 03:00:47,61.994,-49.6678,3.22,81,87,11.39
420,Hamilton,US,2022-01-28 03:00:33,39.1834,-84.5333,34.09,83,100,5.75
421,Abeche,TD,2022-01-28 03:00:48,13.8292,20.8324,59.18,21,18,10.65
422,Saint George,US,2022-01-28 03:00:34,37.1041,-113.5841,46.26,27,0,1.99
423,Kahama,TZ,2022-01-28 03:01:48,-3.8333,32.6,62.44,95,99,3.18
424,Sao Jose Da Coroa Grande,BR,2022-01-28 03:01:48,-8.8978,-35.1478,77.74,83,72,4.0
425,Weiser,US,2022-01-28 03:01:49,44.251,-116.9693,28.6,90,12,4.7
426,Hobe Sound,US,2022-01-28 03:01:49,27.0595,-80.1364,67.98,89,40,4.61
427,Morehead,US,2022-01-28 03:01:49,37.2711,-87.1764,37.15,35,100,0.0
428,Okhotsk,RU,2022-01-28 03:01:49,59.3833,143.3,2.68,87,100,18.88
429,Skibotn,NO,2022-01-28 03:01:50,69.3913,20.2679,25.47,94,100,3.02
430,Moville,US,2022-01-28 03:01:50,42.4889,-96.0725,13.69,67,72,11.65
431,Tornio,FI,2022-01-28 03:01:50,65.8481,24.1466,19.42,97,89,3.62
432,Luau,AO,2022-01-28 03:01:50,-10.7073,22.2247,63.55,96,100,3.53
433,Sao Joao Do Piaui,BR,2022-01-28 03:01:51,-8.3581,-42.2467,72.19,85,100,0.94
434,Rincon,US,2022-01-28 03:01:51,32.296,-81.2354,46.85,48,20,6.91
435,Borgarnes,IS,2022-01-28 03:01:51,64.5383,-21.9206,41.56,94,100,13.8
436,Tancanhuitz,MX,2022-01-28 03:01:52,21.6,-98.9667,63.21,88,98,2.37
437,Coquimbo,CL,2022-01-28 03:01:52,-29.9533,-71.3436,62.87,82,13,5.19
438,Yulara,AU,2022-01-28 03:01:52,-25.2406,130.9889,88.86,41,100,15.35
439,Svetlyy,RU,2022-01-28 03:01:52,54.675,20.1347,39.25,96,100,20.4
440,Smolenka,RU,2022-01-28 03:01:53,52.1352,113.4974,-14.73,70,66,0.0
441,Asosa,ET,2022-01-28 03:01:53,10.0667,34.5333,60.1,60,23,5.08
442,San Patricio,US,2022-01-28 03:01:53,28.017,-97.5169,59.83,77,100,8.59
443,Pachmarhi,IN,2022-01-28 03:01:53,22.4667,78.4333,48.63,45,0,1.92
444,Tarko-Sale,RU,2022-01-28 03:01:54,64.9225,77.785,6.66,94,100,18.1
445,Sunndalsora,NO,2022-01-28 03:01:54,62.6754,8.5515,38.05,96,100,5.95
446,Dwarka,IN,2022-01-28 02:58:42,22.2394,68.9678,65.41,50,0,12.37
447,Gao,ML,2022-01-28 03:01:54,16.6362,1.637,59.86,23,0,13.65
448,Muyezerskiy,RU,2022-01-28 03:01:55,63.9333,31.65,16.57,96,100,3.06
449,Eyl,SO,2022-01-28 03:01:55,7.9803,49.8164,71.73,72,92,15.88
450,Arica,CL,2022-01-28 02:59:32,-18.475,-70.3042,68.23,68,100,4.61
451,Samsun,TR,2022-01-28 03:01:55,41.25,36.3333,27.55,78,16,10.33
452,Llanes,ES,2022-01-28 03:01:55,43.4198,-4.7549,41.86,61,0,8.59
453,Konice,CZ,2022-01-28 03:01:56,49.5903,16.8891,38.53,80,78,21.07
454,Kavaratti,IN,2022-01-28 03:01:56,10.5669,72.642,79.34,72,55,9.57
455,Saldanha,ZA,2022-01-28 02:57:34,-33.0117,17.9442,60.85,88,0,13.87
456,Saint-Pierre,RE,2022-01-28 03:01:56,-21.3393,55.4781,73.08,78,100,4.61
457,Kirkwall,GB,2022-01-28 03:01:56,58.9848,-2.9587,41.05,93,75,3.44
458,Ashqelon,IL,2022-01-28 03:01:57,31.6693,34.5715,48.4,65,100,15.52
459,Dunedin,NZ,2022-01-28 03:01:57,-45.8742,170.5036,62.8,67,54,15.01
460,Alice Springs,AU,2022-01-28 03:01:57,-23.7,133.8833,90.95,46,40,17.27
461,Verkhoyansk,RU,2022-01-28 03:01:57,67.5447,133.385,-17.48,94,99,3.11
462,Sindor,RU,2022-01-28 03:01:58,62.8629,51.8905,4.41,96,100,5.5
463,Bulgan,MN,2022-01-28 03:01:58,48.8125,103.5347,-2.09,90,17,0.47
464,Santa Vitoria Do Palmar,BR,2022-01-28 03:01:58,-33.5189,-53.3681,66.13,70,94,4.92
465,Puerto Escondido,MX,2022-01-28 03:01:58,15.85,-97.0667,78.03,76,0,5.1
466,Faanui,PF,2022-01-28 03:01:59,-16.4833,-151.75,80.96,76,11,16.75
467,Melbu,NO,2022-01-28 03:01:59,68.5044,14.8297,32.31,65,100,17.87
468,Shinpokh,PK,2022-01-28 03:01:59,34.3292,71.1782,46.11,31,50,4.59
469,Kuznechnoye,RU,2022-01-28 03:03:00,61.12,29.8686,28.99,96,100,6.85
470,Manbij,SY,2022-01-28 03:03:00,36.5281,37.9549,21.97,61,0,6.24
471,Saiha,IN,2022-01-28 03:03:00,22.4833,92.9667,63.68,63,25,1.36
472,Port Moresby,PG,2022-01-28 03:00:17,-9.4431,147.1797,85.23,62,100,5.3
473,Mapimi,MX,2022-01-28 03:03:00,25.8167,-103.85,59.77,58,81,1.61
474,Syamzha,RU,2022-01-28 03:03:01,60.0158,41.0614,12.72,93,100,9.17
475,Surany,SK,2022-01-28 03:03:01,48.0861,18.1845,41.04,76,71,19.33
476,Genhe,CN,2022-01-28 03:03:01,50.7833,121.5167,1.11,78,65,3.74
477,Lagoa,PT,2022-01-28 03:03:01,39.05,-27.9833,58.93,73,29,17.52
478,Carauari,BR,2022-01-28 03:03:02,-4.8828,-66.8958,74.28,98,100,0.45
479,Guozhen,CN,2022-01-28 03:03:02,34.3659,107.359,34.95,89,100,2.51
480,Tolcsva,HU,2022-01-28 03:03:03,48.2833,21.45,32.54,96,92,3.2
481,Hambantota,LK,2022-01-28 03:03:03,6.1241,81.1185,73.74,88,0,6.91
482,Poshekhonye,RU,2022-01-28 03:03:03,58.4993,39.1353,13.46,94,100,10.02
483,Snyatyn,UA,2022-01-28 03:03:04,48.4469,25.5694,25.5,89,99,3.29
484,Nyurba,RU,2022-01-28 03:03:04,63.2842,118.3319,-4.65,93,30,6.42
485,Pedernales,DO,2022-01-28 03:03:04,18.0384,-71.744,74.93,71,0,4.36
486,Yarensk,RU,2022-01-28 03:03:05,62.1675,49.0916,1.71,98,100,4.47
487,Yantzaza,EC,2022-01-28 02:59:15,-3.8278,-78.7594,68.85,98,100,1.21
488,Jian,CN,2022-01-28 03:03:05,27.1172,114.9793,43.86,87,100,8.75
489,Bria,CF,2022-01-28 03:03:05,6.5423,21.9863,65.64,27,11,4.79
490,Durban,ZA,2022-01-28 03:03:05,-29.8579,31.0292,79.92,94,58,4.0
491,Marsa Matruh,EG,2022-01-28 03:03:06,31.3525,27.2453,52.12,63,94,10.4
492,Florencia,IT,2022-01-28 03:00:24,43.7667,11.25,50.54,90,75,3.44
493,Almaya,MX,2022-01-28 03:03:06,19.2333,-99.4167,59.45,58,0,6.91
494,Mackay,AU,2022-01-28 02:59:30,-21.15,149.2,84.69,70,40,17.27
495,Kaliua,TZ,2022-01-28 03:03:06,-5.0606,31.7936,64.29,94,98,1.07
496,Lavrentiya,RU,2022-01-28 03:03:07,65.5833,-171.0,-12.06,89,23,3.27
497,San Andres,CO,2022-01-28 03:00:18,12.5847,-81.7006,80.29,68,21,14.92
498,Areka,ET,2022-01-28 03:03:07,7.0667,37.7,58.21,47,74,5.95
499,Klamath Falls,US,2022-01-28 03:02:26,42.2249,-121.7817,39.11,44,0,4.61
500,Poum,NC,2022-01-28 03:03:07,-20.2333,164.0167,83.37,74,11,19.91
501,Pangnirtung,CA,2022-01-28 03:03:08,66.1451,-65.7125,-13.4,84,100,5.93
502,Nizwa,OM,2022-01-28 03:03:08,22.9333,57.5333,61.48,48,0,1.63
503,Haines Junction,CA,2022-01-28 03:03:08,60.7522,-137.5108,24.44,97,100,3.78
504,Demirci,TR,2022-01-28 03:03:08,39.0461,28.6589,15.06,86,5,4.29
505,Yelbarga,IN,2022-01-28 03:03:09,15.6333,76.0167,65.39,49,5,15.55
506,Sobolevo,RU,2022-01-28 03:03:09,54.4299,31.8996,29.64,97,100,14.54
507,Akyab,MM,2022-01-28 03:03:09,20.15,92.9,69.01,63,93,8.12
508,Cuyamel,HN,2022-01-28 03:03:09,15.6667,-88.2,77.16,87,6,1.72
509,Chandausi,IN,2022-01-28 03:03:10,28.45,78.7667,46.74,64,0,10.02
510,Tanggu,CN,2022-01-28 03:03:10,39.0211,117.6469,30.16,32,7,7.87
511,Minot,US,2022-01-28 03:03:10,48.2325,-101.2963,13.19,73,100,10.36
512,Pestretsy,RU,2022-01-28 03:03:10,55.7531,49.6545,6.94,98,100,5.17
513,Hamadan,IR,2022-01-28 03:00:30,34.7992,48.5146,21.7,79,4,8.79
514,Kingman,US,2022-01-28 03:03:11,35.1894,-114.053,52.12,24,0,13.8
515,Burnie,AU,2022-01-28 03:03:11,-41.0667,145.9167,70.92,95,100,5.26
516,Lasa,IT,2022-01-28 03:04:11,46.6166,10.7002,28.8,76,42,8.77
517,Payo,ID,2022-01-28 03:04:12,-3.7508,103.6372,83.7,67,67,3.53
518,Bicester,GB,2022-01-28 03:04:12,51.9,-1.1536,38.62,94,71,4.72
519,Vestmannaeyjar,IS,2022-01-28 03:03:10,63.4427,-20.2734,42.58,92,100,25.28
520,Newport,GB,2022-01-28 03:04:00,51.5877,-2.9984,41.11,89,43,2.8
521,Dosso,NE,2022-01-28 03:04:12,13.049,3.1937,65.23,19,4,14.65
522,Daru,PG,2022-01-28 03:04:13,-9.0763,143.2092,86.81,60,98,7.11
523,Mattru,SL,2022-01-28 03:04:13,7.6244,-11.8332,73.22,94,40,0.6
524,Tommot,RU,2022-01-28 03:04:13,58.9564,126.2925,-0.54,96,100,9.48
525,Anadyr,RU,2022-01-28 03:04:14,64.75,177.4833,12.7,79,40,11.18
526,Poronaysk,RU,2022-01-28 03:02:24,49.2167,143.1167,3.13,82,96,1.68
527,Saint-Augustin,CA,2022-01-28 03:04:14,51.226,-58.6502,-8.52,97,99,2.17
528,La Asuncion,VE,2022-01-28 03:04:14,11.0333,-63.8628,74.95,87,17,9.84
529,Carballo,ES,2022-01-28 03:03:03,43.213,-8.691,45.01,94,4,3.98
530,Rundu,NA,2022-01-28 02:59:37,-17.9333,19.7667,66.96,89,100,3.27
531,Kalur Kot,PK,2022-01-28 03:04:15,32.1564,71.2594,51.84,44,4,0.89
532,Cotorra,CO,2022-01-28 03:04:15,9.0389,-75.7897,76.37,86,29,5.26
533,Menongue,AO,2022-01-28 03:04:15,-14.6585,17.691,61.72,96,100,6.98
534,Port Pirie,AU,2022-01-28 03:04:15,-33.1833,138.0167,79.75,56,13,16.8
535,Taoudenni,ML,2022-01-28 03:04:16,22.6783,-3.9836,65.64,19,94,12.64
536,Medea,DZ,2022-01-28 03:04:16,36.2642,2.7539,27.05,57,67,4.72
537,Simpang,ID,2022-01-28 03:04:16,-1.2667,104.0833,84.69,62,83,4.9
538,Zarubino,RU,2022-01-28 03:04:16,42.63,131.0922,20.03,54,1,19.35
539,Siyabuswa,ZA,2022-01-28 03:04:17,-25.1132,29.0445,66.13,91,42,2.21
540,Westport,US,2022-01-28 03:01:09,41.1415,-73.3579,33.62,70,80,8.99
541,Yugorsk,RU,2022-01-28 03:04:17,61.3133,63.3319,-0.09,96,93,4.29
542,Tayu,ID,2022-01-28 03:04:17,-6.5397,111.0518,84.79,69,100,8.25
543,Roma,US,2022-01-28 03:03:47,43.2128,-75.4557,28.85,58,100,6.91
544,Oyama,JP,2022-01-28 03:04:18,36.3,139.8,47.66,30,2,2.28
545,Babu,CN,2022-01-28 03:04:18,24.4167,111.5167,51.42,75,89,8.05
546,Hami,CN,2022-01-28 03:04:18,42.8,93.45,24.93,41,3,3.96
547,Lake Forest Park,US,2022-01-28 03:04:19,47.7568,-122.281,41.5,86,43,1.01
548,Mutoko,ZW,2022-01-28 03:04:19,-17.397,32.2268,61.88,97,97,4.41
549,Moranbah,AU,2022-01-28 03:04:19,-22.0016,148.0466,91.67,36,100,16.22
550,Bucerias,MX,2022-01-28 03:04:19,20.75,-105.3333,71.98,83,0,3.44
551,Banda Aceh,ID,2022-01-28 03:04:20,5.5577,95.3222,82.87,72,86,2.51
552,Anzio,IT,2022-01-28 03:04:20,41.4853,12.6179,49.44,77,100,6.08
553,Mulchen,CL,2022-01-28 03:04:20,-37.7167,-72.2333,64.04,73,0,2.71
554,Sayyan,YE,2022-01-28 03:04:20,15.1718,44.3244,48.07,55,11,1.88
555,Najran,SA,2022-01-28 03:02:48,17.4924,44.1277,56.66,25,2,0.83
556,Gamba,GA,2022-01-28 03:04:21,-2.65,10.0,76.33,89,95,2.55
557,Tambovka,RU,2022-01-28 03:04:21,50.0969,128.0489,6.91,83,17,12.3
558,Ulladulla,AU,2022-01-28 03:04:21,-35.35,150.4667,84.87,60,22,19.84
559,Loubomo,CG,2022-01-28 03:04:21,-4.1997,12.6739,69.67,95,60,2.89
560,Nosy Varika,MG,2022-01-28 03:05:22,-20.5833,48.5333,73.22,79,65,2.28
561,Camacha,PT,2022-01-28 03:05:22,33.0833,-16.3333,54.54,88,40,2.3
562,Bandarbeyla,SO,2022-01-28 03:05:22,9.4942,50.8122,72.82,69,100,18.7
563,Quang Ngai,VN,2022-01-28 03:05:11,15.1167,108.8,77.68,72,81,5.41
564,Linqiong,CN,2022-01-28 03:05:23,30.4159,103.4609,40.86,94,100,4.81
565,Sankeshwar,IN,2022-01-28 03:05:23,16.2667,74.4833,65.12,52,42,12.73
566,Kabanjahe,ID,2022-01-28 03:05:23,3.1001,98.4908,70.56,72,83,2.46
567,Acapulco,MX,2022-01-28 03:00:24,16.8634,-99.8901,77.04,75,0,2.77
568,Navahrudak,BY,2022-01-28 03:05:23,53.6,25.8333,31.96,98,100,17.13
569,Yenagoa,NG,2022-01-28 03:05:24,4.9247,6.2642,76.55,88,0,3.87
570,Mezen,RU,2022-01-28 03:05:24,65.8522,44.24,8.1,96,100,6.49
571,Santa Cruz,BO,2022-01-28 03:05:24,-17.8,-63.1667,71.06,94,75,16.11
572,Maceio,BR,2022-01-28 03:05:24,-9.6658,-35.7353,78.24,94,75,2.3
573,Gorontalo,ID,2022-01-28 03:05:25,0.5412,123.0595,88.93,61,49,1.54
574,Shuangyang,CN,2022-01-28 03:05:25,43.5242,125.6736,12.07,63,7,9.78
575,Sadalgi,IN,2022-01-28 03:05:25,16.5667,74.55,65.79,49,56,11.74
576,Sorland,NO,2022-01-28 03:05:25,67.667,12.6934,33.3,50,100,22.93
577,Caranavi,BO,2022-01-28 03:05:26,-15.8167,-67.55,63.84,99,98,2.66
578,Huallanca,PE,2022-01-28 03:05:26,-9.8993,-76.9417,48.04,93,100,2.86
579,Mizdah,LY,2022-01-28 03:05:26,31.4451,12.9801,40.93,69,5,2.37
580,Thinadhoo,MV,2022-01-28 03:05:26,0.5333,72.9333,80.98,64,100,11.95
581,Kalispell,US,2022-01-28 03:03:10,48.1958,-114.3129,25.38,86,0,0.0
582,Cuenca,EC,2022-01-28 03:02:04,-2.8833,-78.9833,55.17,95,100,2.19
583,Sibolga,ID,2022-01-28 03:05:27,1.7427,98.7792,84.87,63,42,2.01
584,Azangaro,PE,2022-01-28 03:05:27,-14.9167,-70.2167,42.03,91,100,3.83
585,Biak,ID,2022-01-28 03:05:27,-0.9131,122.8766,82.81,71,100,0.81
586,Vitim,RU,2022-01-28 03:05:27,59.4511,112.5578,-8.7,96,84,3.89
587,Hendek,TR,2022-01-28 03:05:28,40.7994,30.7481,21.52,87,17,6.24
588,Saryozek,KZ,2022-01-28 03:05:28,44.3583,77.9753,15.1,69,1,5.14
589,Amalapuram,IN,2022-01-28 03:05:28,16.5833,82.0167,77.38,71,39,6.53
590,Karratha,AU,2022-01-28 03:05:28,-20.7377,116.8463,89.19,44,69,13.98
591,Santa Maria Del Oro,MX,2022-01-28 03:05:29,25.9333,-105.3667,52.43,44,19,2.15
592,Diamantina,BR,2022-01-28 03:05:29,-18.2494,-43.6003,62.11,91,56,2.53
593,Melfi,IT,2022-01-28 03:05:29,40.9965,15.6514,39.49,91,100,8.12
594,Isangel,VU,2022-01-28 03:05:29,-19.55,169.2667,79.14,87,100,6.33
595,Santa Marinella,IT,2022-01-28 03:05:30,42.0345,11.8536,50.02,82,100,1.92
596,Madang,PG,2022-01-28 03:05:30,-5.2246,145.7966,87.1,63,99,5.39
597,Kununurra,AU,2022-01-28 03:01:27,-15.7667,128.7333,89.58,70,75,12.66
598,Tezu,IN,2022-01-28 03:05:30,27.9167,96.1667,61.03,72,79,1.25
599,Innisfail,AU,2022-01-28 03:05:31,-17.5333,146.0333,86.88,87,100,3.02
600,Lubumbashi,CD,2022-01-28 03:02:05,-11.6609,27.4794,61.59,98,100,4.21
601,Aleksandrov Gay,RU,2022-01-28 03:05:31,50.147,48.5704,19.26,96,100,8.57
602,Neiafu,TO,2022-01-28 03:05:31,-18.65,-173.9833,83.97,76,50,18.7
603,Natal,BR,2022-01-28 03:04:16,-5.795,-35.2094,77.65,88,40,4.61
604,Arcachon,FR,2022-01-28 03:05:31,44.5875,-1.0519,32.41,100,100,6.91
605,Abu Dhabi,AE,2022-01-28 03:05:32,24.4667,54.3667,65.97,75,0,1.01
606,Qasigiannguit,GL,2022-01-28 03:05:32,68.8193,-51.1922,5.25,79,100,8.32
607,Muroto,JP,2022-01-28 03:05:32,33.2833,134.15,51.37,54,45,4.23
608,Yumen,CN,2022-01-28 03:06:32,40.2833,97.2,23.68,31,2,5.23
609,Kunming,CN,2022-01-28 03:06:33,25.0389,102.7183,56.03,56,3,11.59
610,Tabuk,PH,2022-01-28 03:06:33,17.4189,121.4443,81.37,72,99,4.97
611,Shirokiy,RU,2022-01-28 03:06:33,49.758,129.523,3.61,86,100,12.28
612,Douglas,US,2022-01-28 03:06:07,41.3,-96.167,28.22,69,100,4.0
613,Harboore,DK,2022-01-28 03:06:33,56.6175,8.1807,39.22,69,3,39.24
614,Sterling,US,2022-01-28 03:06:34,39.0062,-77.4286,33.35,56,100,4.61
615,Acajutla,SV,2022-01-28 03:06:34,13.5928,-89.8275,78.8,74,8,5.99
616,Cayenne,GF,2022-01-28 03:06:34,4.9333,-52.3333,69.84,100,0,0.0
617,Madison,US,2022-01-28 03:02:56,34.7334,-86.5667,42.66,67,100,1.01
618,Brigantine,US,2022-01-28 03:06:34,39.4101,-74.3646,32.0,69,20,0.0
619,Shitanjing,CN,2022-01-28 03:06:35,39.2342,106.3439,23.47,36,100,2.48
620,Buala,SB,2022-01-28 03:06:35,-8.145,159.5921,82.87,75,99,4.14
621,Lamu,KE,2022-01-28 03:06:35,-2.2717,40.902,75.42,87,27,5.68
622,Kudahuvadhoo,MV,2022-01-28 03:06:35,2.6708,72.8944,80.76,51,100,4.27
623,Itoman,JP,2022-01-28 03:06:36,26.1247,127.6694,72.37,67,20,6.91
624,Sete,FR,2022-01-28 03:06:36,43.4018,3.6966,39.88,58,57,12.97
625,Lazaro Cardenas,MX,2022-01-28 03:06:36,17.9583,-102.2,75.58,77,4,3.13
626,Thaba-Tseka,LS,2022-01-28 03:06:37,-29.522,28.6084,53.44,85,59,1.9
627,Gien,FR,2022-01-28 03:06:37,47.6933,2.6309,36.45,96,87,4.29
628,Kindu,CD,2022-01-28 03:06:37,-2.95,25.95,68.11,99,98,2.19
629,La Troncal,EC,2022-01-28 03:06:37,-2.4,-79.3333,74.52,97,100,1.92
630,Laukaa,RU,2022-01-28 03:06:38,58.7372,29.8453,30.85,98,100,7.67
631,Berlevag,NO,2022-01-28 03:06:38,70.8578,29.0864,27.3,88,100,4.16
632,Udimskiy,RU,2022-01-28 03:06:38,61.1417,45.9144,6.35,96,100,7.14
633,Gigmoto,PH,2022-01-28 03:06:38,13.7796,124.39,83.25,70,46,7.99
634,Upata,VE,2022-01-28 03:06:39,8.0086,-62.3989,73.18,81,8,3.91
635,Tautira,PF,2022-01-28 03:01:40,-17.7333,-149.15,86.02,76,15,15.7
636,Ipixuna,BR,2022-01-28 03:06:39,-1.7625,-48.8043,73.35,99,100,0.78
637,Karpathos,GR,2022-01-28 03:06:39,35.507,27.2132,49.96,53,87,5.75
638,Marzuq,YE,2022-01-28 03:06:39,14.4,46.4667,58.71,70,3,1.28
639,Raduzhnyy,RU,2022-01-28 03:06:40,62.0961,77.475,6.94,95,100,9.8
640,Dongsheng,CN,2022-01-28 03:06:40,39.8161,109.9776,18.77,31,100,4.29
641,Gornyak,RU,2022-01-28 03:06:40,50.9942,81.4661,-8.32,97,83,5.35
642,Havoysund,NO,2022-01-28 03:06:41,70.9963,24.6622,23.88,66,100,14.85
643,Manggar,ID,2022-01-28 03:06:41,-2.8833,108.2667,85.17,63,100,7.14
644,Vanimo,PG,2022-01-28 03:06:41,-2.6741,141.3028,83.77,75,57,5.17
645,Dickinson,US,2022-01-28 03:05:49,29.4608,-95.0513,56.19,77,40,5.75
646,Zarechnyy,RU,2022-01-28 03:06:41,53.2036,45.1923,20.32,44,99,6.35
647,Idah,NG,2022-01-28 03:06:42,7.1065,6.7342,73.87,23,0,0.94
648,Orcopampa,PE,2022-01-28 03:06:42,-15.2661,-72.3417,45.39,95,100,2.66
649,Naantali,FI,2022-01-28 03:06:42,60.4674,22.0243,33.37,93,100,8.05
650,Surubim,BR,2022-01-28 03:06:42,-7.8331,-35.7547,71.69,93,100,2.68
651,Nautla,MX,2022-01-28 03:07:43,20.2167,-96.7833,65.7,91,100,4.21
652,Murray Bridge,AU,2022-01-28 03:07:43,-35.1167,139.2667,83.86,60,29,15.1
653,Zelenogorskiy,RU,2022-01-28 03:07:43,55.0333,87.0,0.12,99,97,2.71
654,Fukue,JP,2022-01-28 03:07:43,32.6881,128.8419,48.49,58,31,16.08
655,Middle Island,US,2022-01-28 03:07:39,40.8843,-72.9373,33.69,69,86,1.01
656,Sandy Bay,AU,2022-01-28 03:07:44,-42.913,147.3532,87.06,65,40,1.01
657,Verkhoturye,RU,2022-01-28 03:07:44,58.8627,60.8054,4.8,90,18,8.14
658,Sitka,US,2022-01-28 03:07:44,57.0531,-135.33,42.69,75,100,16.11
659,Soma,TR,2022-01-28 03:07:45,39.1855,27.6094,33.62,80,4,2.21
660,Chardara,KZ,2022-01-28 03:07:45,41.2547,67.9692,42.67,39,100,12.37
661,Petropavlovsk-Kamchatskiy,RU,2022-01-28 03:07:45,53.0452,158.6483,18.19,86,100,11.18
662,Peterhead,GB,2022-01-28 03:07:45,57.5058,-1.7981,42.12,80,100,10.2
663,Nelson Bay,AU,2022-01-28 03:07:46,-32.7167,152.15,87.78,60,2,18.19
664,Sinnamary,GF,2022-01-28 03:07:46,5.3833,-52.95,75.65,86,62,7.54
665,Zacualtipan,MX,2022-01-28 03:07:46,20.65,-98.6,51.89,93,97,2.24
666,Amfiklia,GR,2022-01-28 03:07:46,38.6333,22.5833,30.54,81,9,3.53
667,Manta,EC,2022-01-28 03:03:59,-0.95,-80.7333,76.78,94,100,2.3
668,Tiarei,PF,2022-01-28 03:07:47,-17.5333,-149.3333,86.02,76,13,17.38
669,Hammerfest,NO,2022-01-28 03:07:47,70.6634,23.6821,23.45,93,75,2.3
670,Udachnyy,RU,2022-01-28 03:03:46,66.4167,112.4,-19.05,98,27,4.05
671,Grand-Santi,GF,2022-01-28 03:07:47,4.25,-54.3833,70.09,99,73,2.42
672,Emba,KZ,2022-01-28 03:07:47,48.8264,58.1442,15.6,89,100,11.1
673,Kamina,CD,2022-01-28 03:07:48,-8.7386,24.9906,62.71,98,90,3.42
674,Berezovka,BY,2022-01-28 03:07:48,53.7214,25.4993,33.93,98,100,15.77
675,Lagunas,PE,2022-01-28 03:07:48,-5.2269,-75.6753,75.56,89,100,2.55
676,Jamnagar,IN,2022-01-28 03:07:48,22.4667,70.0667,61.16,46,0,10.87
677,Kloulklubed,PW,2022-01-28 03:07:49,7.0419,134.2556,86.5,76,30,11.27
678,Kalaleh,IR,2022-01-28 03:07:49,37.3807,55.4916,44.28,95,100,6.98
679,Akdepe,TM,2022-01-28 03:07:49,42.0551,59.3788,28.4,63,100,1.01
680,Smolensk,RU,2022-01-28 03:07:49,55.0,33.0,26.67,96,100,12.41
681,Llaillay,CL,2022-01-28 03:07:50,-32.85,-70.9667,71.11,79,0,1.59
682,Arcata,US,2022-01-28 03:07:50,40.8665,-124.0828,47.59,83,0,3.44
683,Caborca,MX,2022-01-28 03:07:50,30.5838,-111.101,56.14,20,86,3.53
684,Muborak,UZ,2022-01-28 03:07:51,39.2553,65.1528,48.49,37,100,8.1
685,Miracema,BR,2022-01-28 03:07:51,-21.4122,-42.1967,72.63,91,21,1.9
686,Wajima,JP,2022-01-28 03:07:51,37.4,136.9,39.09,66,96,14.99
687,Piopio,NZ,2022-01-28 03:07:51,-38.4667,175.0167,84.43,31,6,6.8
688,Ouadda,CF,2022-01-28 03:07:52,8.0777,22.4007,67.28,21,10,8.7
689,Nova Varos,RS,2022-01-28 03:07:52,43.4606,19.8114,16.61,89,63,4.23
690,Ust-Kulom,RU,2022-01-28 03:07:52,61.6864,53.6902,-1.39,99,100,4.14
691,Henties Bay,NA,2022-01-28 03:07:53,-22.116,14.2845,64.85,84,99,8.48
692,Bowen,AU,2022-01-28 03:07:53,-20.0167,148.2333,83.23,69,100,18.14
693,Coihaique,CL,2022-01-28 03:07:53,-45.5752,-72.0662,63.21,59,0,4.61
694,Macia,MZ,2022-01-28 03:07:53,-25.0269,33.0989,71.47,95,55,5.1
695,Balikpapan,ID,2022-01-28 03:07:54,-1.2675,116.8289,79.79,94,20,6.91
696,Raahe,FI,2022-01-28 03:07:54,64.6833,24.4833,21.29,99,93,4.23
